{
  "metrics": {
    "PQ": 85.26580929756165,
    "SQ": 89.51990008354187,
    "RQ": 95.247882604599,
    "thing_PQ": 84.81259346008301,
    "thing_SQ": 90.05730152130127,
    "thing_RQ": 94.17625665664673,
    "stuff_PQ": 86.60835027694702,
    "stuff_SQ": 87.99659013748169,
    "stuff_RQ": 98.42239022254944,
    "per_class_PQ": {
      "0": {
        "PQ": 85.34166216850281,
        "SQ": 91.38036370277405,
        "RQ": 93.39168667793274,
        "TP": 1067,
        "FP": 138,
        "FN": 13,
        "ignored": false
      },
      "1": {
        "PQ": 87.23399043083191,
        "SQ": 88.41084241867065,
        "RQ": 98.66888523101807,
        "TP": 593,
        "FP": 0,
        "FN": 16,
        "ignored": false
      },
      "2": {
        "PQ": 0.0,
        "SQ": 0.0,
        "RQ": 0.0,
        "TP": 0,
        "FP": 0,
        "FN": 0,
        "ignored": false
      },
      "3": {
        "PQ": 0.0,
        "SQ": 0.0,
        "RQ": 0.0,
        "TP": 0,
        "FP": 0,
        "FN": 0,
        "ignored": true
      },
      "4": {
        "PQ": 0.0,
        "SQ": 0.0,
        "RQ": 0.0,
        "TP": 0,
        "FP": 0,
        "FN": 0,
        "ignored": false
      },
      "5": {
        "PQ": 0.0,
        "SQ": 0.0,
        "RQ": 0.0,
        "TP": 0,
        "FP": 0,
        "FN": 0,
        "ignored": true
      },
      "6": {
        "PQ": 0.0,
        "SQ": 0.0,
        "RQ": 0.0,
        "TP": 0,
        "FP": 0,
        "FN": 7,
        "ignored": false
      },
      "7": {
        "PQ": 0.0,
        "SQ": 0.0,
        "RQ": 0.0,
        "TP": 0,
        "FP": 0,
        "FN": 0,
        "ignored": true
      },
      "8": {
        "PQ": 0.0,
        "SQ": 0.0,
        "RQ": 0.0,
        "TP": 0,
        "FP": 0,
        "FN": 0,
        "ignored": true
      },
      "9": {
        "PQ": 0.0,
        "SQ": 0.0,
        "RQ": 0.0,
        "TP": 0,
        "FP": 0,
        "FN": 0,
        "ignored": true
      },
      "10": {
        "PQ": 88.9745831489563,
        "SQ": 90.36965370178223,
        "RQ": 98.4562635421753,
        "TP": 287,
        "FP": 8,
        "FN": 1,
        "ignored": false
      },
      "11": {
        "PQ": 0.0,
        "SQ": 0.0,
        "RQ": 0.0,
        "TP": 0,
        "FP": 0,
        "FN": 0,
        "ignored": true
      },
      "12": {
        "PQ": 90.28469920158386,
        "SQ": 97.80842661857605,
        "RQ": 92.30769276618958,
        "TP": 318,
        "FP": 0,
        "FN": 53,
        "ignored": false
      },
      "13": {
        "PQ": 76.29114389419556,
        "SQ": 82.23857283592224,
        "RQ": 92.76807904243469,
        "TP": 186,
        "FP": 1,
        "FN": 28,
        "ignored": false
      },
      "14": {
        "PQ": 0.0,
        "SQ": 0.0,
        "RQ": 0.0,
        "TP": 0,
        "FP": 0,
        "FN": 0,
        "ignored": true
      },
      "15": {
        "PQ": 0.0,
        "SQ": 0.0,
        "RQ": 0.0,
        "TP": 0,
        "FP": 0,
        "FN": 0,
        "ignored": true
      },
      "16": {
        "PQ": 75.25338530540466,
        "SQ": 80.03137707710266,
        "RQ": 94.02984976768494,
        "TP": 189,
        "FP": 0,
        "FN": 24,
        "ignored": false
      },
      "17": {
        "PQ": 0.0,
        "SQ": 0.0,
        "RQ": 0.0,
        "TP": 0,
        "FP": 0,
        "FN": 0,
        "ignored": true
      },
      "18": {
        "PQ": 0.0,
        "SQ": 0.0,
        "RQ": 0.0,
        "TP": 0,
        "FP": 0,
        "FN": 31,
        "ignored": false
      },
      "19": {
        "PQ": 0.0,
        "SQ": 0.0,
        "RQ": 0.0,
        "TP": 0,
        "FP": 0,
        "FN": 0,
        "ignored": true
      },
      "20": {
        "PQ": 0.0,
        "SQ": 0.0,
        "RQ": 0.0,
        "TP": 0,
        "FP": 0,
        "FN": 0,
        "ignored": true
      },
      "21": {
        "PQ": 0.0,
        "SQ": 0.0,
        "RQ": 0.0,
        "TP": 0,
        "FP": 0,
        "FN": 0,
        "ignored": true
      },
      "22": {
        "PQ": 0.0,
        "SQ": 0.0,
        "RQ": 0.0,
        "TP": 0,
        "FP": 0,
        "FN": 0,
        "ignored": true
      },
      "23": {
        "PQ": 0.0,
        "SQ": 0.0,
        "RQ": 0.0,
        "TP": 0,
        "FP": 0,
        "FN": 0,
        "ignored": true
      },
      "24": {
        "PQ": 0.0,
        "SQ": 0.0,
        "RQ": 0.0,
        "TP": 0,
        "FP": 0,
        "FN": 0,
        "ignored": false
      },
      "25": {
        "PQ": 0.0,
        "SQ": 0.0,
        "RQ": 0.0,
        "TP": 0,
        "FP": 0,
        "FN": 0,
        "ignored": false
      },
      "26": {
        "PQ": 0.0,
        "SQ": 0.0,
        "RQ": 0.0,
        "TP": 0,
        "FP": 1,
        "FN": 16,
        "ignored": false
      },
      "27": {
        "PQ": 92.6972508430481,
        "SQ": 93.61504912376404,
        "RQ": 99.01960492134094,
        "TP": 101,
        "FP": 0,
        "FN": 2,
        "ignored": false
      },
      "28": {
        "PQ": 0.0,
        "SQ": 0.0,
        "RQ": 0.0,
        "TP": 0,
        "FP": 0,
        "FN": 0,
        "ignored": false
      },
      "29": {
        "PQ": 0.0,
        "SQ": 0.0,
        "RQ": 0.0,
        "TP": 0,
        "FP": 0,
        "FN": 0,
        "ignored": false
      },
      "30": {
        "PQ": 0.0,
        "SQ": 0.0,
        "RQ": 0.0,
        "TP": 0,
        "FP": 0,
        "FN": 0,
        "ignored": false
      },
      "31": {
        "PQ": 0.0,
        "SQ": 0.0,
        "RQ": 0.0,
        "TP": 0,
        "FP": 0,
        "FN": 0,
        "ignored": false
      },
      "32": {
        "PQ": 87.76967525482178,
        "SQ": 87.99659013748169,
        "RQ": 99.74213242530823,
        "TP": 967,
        "FP": 5,
        "FN": 0,
        "ignored": false
      },
      "33": {
        "PQ": 0.0,
        "SQ": 0.0,
        "RQ": 0.0,
        "TP": 0,
        "FP": 21,
        "FN": 1,
        "ignored": false
      },
      "34": {
        "PQ": 0.0,
        "SQ": 0.0,
        "RQ": 0.0,
        "TP": 0,
        "FP": 0,
        "FN": 4,
        "ignored": false
      }
    },
    "total_TP": 3708,
    "total_FP": 174,
    "total_FN": 196,
    "F1": 0.8129968047142029,
    "per_class_IoU": {
      "0": {
        "IoU": 74.58330392837524,
        "ignored": false
      },
      "1": {
        "IoU": 74.04181957244873,
        "ignored": false
      },
      "2": {
        "IoU": 0.0,
        "ignored": false
      },
      "3": {
        "IoU": 0.0,
        "ignored": true
      },
      "4": {
        "IoU": 0.0,
        "ignored": false
      },
      "5": {
        "IoU": 0.0,
        "ignored": true
      },
      "6": {
        "IoU": 0.0,
        "ignored": false
      },
      "7": {
        "IoU": 0.0,
        "ignored": true
      },
      "8": {
        "IoU": 0.0,
        "ignored": true
      },
      "9": {
        "IoU": 0.0,
        "ignored": true
      },
      "10": {
        "IoU": 69.42118406295776,
        "ignored": false
      },
      "11": {
        "IoU": 0.0,
        "ignored": true
      },
      "12": {
        "IoU": 70.60961127281189,
        "ignored": false
      },
      "13": {
        "IoU": 74.34529662132263,
        "ignored": false
      },
      "14": {
        "IoU": 0.0,
        "ignored": true
      },
      "15": {
        "IoU": 0.0,
        "ignored": true
      },
      "16": {
        "IoU": 60.72239875793457,
        "ignored": false
      },
      "17": {
        "IoU": 0.0,
        "ignored": true
      },
      "18": {
        "IoU": 6.2171149998903275,
        "ignored": false
      },
      "19": {
        "IoU": 0.0,
        "ignored": true
      },
      "20": {
        "IoU": 0.0,
        "ignored": true
      },
      "21": {
        "IoU": 0.0,
        "ignored": true
      },
      "22": {
        "IoU": 0.0,
        "ignored": true
      },
      "23": {
        "IoU": 0.0,
        "ignored": true
      },
      "24": {
        "IoU": 0.0,