{
  "metrics": {
    "PQ": 69.01720762252808,
    "SQ": 74.06188249588013,
    "RQ": 93.18856596946716,
    "thing_PQ": 68.03348064422607,
    "thing_SQ": 76.57421827316284,
    "thing_RQ": 88.84645700454712,
    "stuff_PQ": 69.96026039123535,
    "stuff_SQ": 71.86383605003357,
    "stuff_RQ": 97.35113382339478,
    "per_class_PQ": {
      "0": {
        "PQ": 70.91814279556274,
        "SQ": 75.44458508491516,
        "RQ": 94.00030970573425,
        "TP": 3063,
        "FP": 37,
        "FN": 354,
        "ignored": false
      },
      "1": {
        "PQ": 60.28737425804138,
        "SQ": 71.07182145118713,
        "RQ": 84.82598662376404,
        "TP": 914,
        "FP": 180,
        "FN": 147,
        "ignored": false
      },
      "2": {
        "PQ": 0.0,
        "SQ": 0.0,
        "RQ": 0.0,
        "TP": 0,
        "FP": 111,
        "FN": 14,
        "ignored": false
      },
      "3": {
        "PQ": 0.0,
        "SQ": 0.0,
        "RQ": 0.0,
        "TP": 0,
        "FP": 0,
        "FN": 0,
        "ignored": true
      },
      "4": {
        "PQ": 0.0,
        "SQ": 0.0,
        "RQ": 0.0,
        "TP": 0,
        "FP": 0,
        "FN": 0,
        "ignored": false
      },
      "5": {
        "PQ": 0.0,
        "SQ": 0.0,
        "RQ": 0.0,
        "TP": 0,
        "FP": 0,
        "FN": 0,
        "ignored": true
      },
      "6": {
        "PQ": 83.30663442611694,
        "SQ": 88.23024034500122,
        "RQ": 94.41959261894226,
        "TP": 2005,
        "FP": 16,
        "FN": 221,
        "ignored": false
      },
      "7": {
        "PQ": 0.0,
        "SQ": 0.0,
        "RQ": 0.0,
        "TP": 0,
        "FP": 0,
        "FN": 0,
        "ignored": true
      },
      "8": {
        "PQ": 0.0,
        "SQ": 0.0,
        "RQ": 0.0,
        "TP": 0,
        "FP": 0,
        "FN": 0,
        "ignored": true
      },
      "9": {
        "PQ": 0.0,
        "SQ": 0.0,
        "RQ": 0.0,
        "TP": 0,
        "FP": 0,
        "FN": 0,
        "ignored": true
      },
      "10": {
        "PQ": 0.0,
        "SQ": 0.0,
        "RQ": 0.0,
        "TP": 0,
        "FP": 0,
        "FN": 0,
        "ignored": false
      },
      "11": {
        "PQ": 0.0,
        "SQ": 0.0,
        "RQ": 0.0,
        "TP": 0,
        "FP": 0,
        "FN": 0,
        "ignored": true
      },
      "12": {
        "PQ": 52.68005728721619,
        "SQ": 75.66772103309631,
        "RQ": 69.62025165557861,
        "TP": 165,
        "FP": 11,
        "FN": 133,
        "ignored": false
      },
      "13": {
        "PQ": 9.894641488790512,
        "SQ": 60.357314348220825,
        "RQ": 16.393442451953888,
        "TP": 5,
        "FP": 2,
        "FN": 49,
        "ignored": false
      },
      "14": {
        "PQ": 0.0,
        "SQ": 0.0,
        "RQ": 0.0,
        "TP": 0,
        "FP": 0,
        "FN": 0,
        "ignored": true
      },
      "15": {
        "PQ": 0.0,
        "SQ": 0.0,
        "RQ": 0.0,
        "TP": 0,
        "FP": 0,
        "FN": 0,
        "ignored": true
      },
      "16": {
        "PQ": 0.0,
        "SQ": 0.0,
        "RQ": 0.0,
        "TP": 0,
        "FP": 0,
        "FN": 2,
        "ignored": false
      },
      "17": {
        "PQ": 0.0,
        "SQ": 0.0,
        "RQ": 0.0,
        "TP": 0,
        "FP": 0,
        "FN": 0,
        "ignored": true
      },
      "18": {
        "PQ": 0.0,
        "SQ": 0.0,
        "RQ": 0.0,
        "TP": 0,
        "FP": 74,
        "FN": 16,
        "ignored": false
      },
      "19": {
        "PQ": 0.0,
        "SQ": 0.0,
        "RQ": 0.0,
        "TP": 0,
        "FP": 0,
        "FN": 0,
        "ignored": true
      },
      "20": {
        "PQ": 0.0,
        "SQ": 0.0,
        "RQ": 0.0,
        "TP": 0,
        "FP": 0,
        "FN": 0,
        "ignored": true
      },
      "21": {
        "PQ": 0.0,
        "SQ": 0.0,
        "RQ": 0.0,
        "TP": 0,
        "FP": 0,
        "FN": 0,
        "ignored": true
      },
      "22": {
        "PQ": 0.0,
        "SQ": 0.0,
        "RQ": 0.0,
        "TP": 0,
        "FP": 0,
        "FN": 0,
        "ignored": true
      },
      "23": {
        "PQ": 0.0,
        "SQ": 0.0,
        "RQ": 0.0,
        "TP": 0,
        "FP": 0,
        "FN": 0,
        "ignored": true
      },
      "24": {
        "PQ": 0.0,
        "SQ": 0.0,
        "RQ": 0.0,
        "TP": 0,
        "FP": 361,
        "FN": 0,
        "ignored": false
      },
      "25": {
        "PQ": 47.767847776412964,
        "SQ": 61.036694049835205,
        "RQ": 78.2608687877655,
        "TP": 54,
        "FP": 0,
        "FN": 30,
        "ignored": false
      },
      "26": {
        "PQ": 52.20300555229187,
        "SQ": 63.89647722244263,
        "RQ": 81.69934749603271,
        "TP": 125,
        "FP": 0,
        "FN": 56,
        "ignored": false
      },
      "27": {
        "PQ": 67.24844574928284,
        "SQ": 68.90031695365906,
        "RQ": 97.60252237319946,
        "TP": 1547,
        "FP": 35,
        "FN": 41,
        "ignored": false
      },
      "28": {
        "PQ": 32.48339593410492,
        "SQ": 65.47434329986572,
        "RQ": 49.61240291595459,
        "TP": 32,
        "FP": 15,
        "FN": 50,
        "ignored": false
      },
      "29": {
        "PQ": 0.0,
        "SQ": 0.0,
        "RQ": 0.0,
        "TP": 0,
        "FP": 0,
        "FN": 31,
        "ignored": false
      },
      "30": {
        "PQ": 0.0,
        "SQ": 0.0,
        "RQ": 0.0,
        "TP": 0,
        "FP": 0,
        "FN": 3,
        "ignored": false
      },
      "31": {
        "PQ": 0.0,
        "SQ": 0.0,
        "RQ": 0.0,
        "TP": 0,
        "FP": 0,
        "FN": 5,
        "ignored": false
      },
      "32": {
        "PQ": 70.28469443321228,
        "SQ": 71.71679139137268,
        "RQ": 98.00312519073486,
        "TP": 8147,
        "FP": 239,
        "FN": 93,
        "ignored": false
      },
      "33": {
        "PQ": 70.99147439002991,
        "SQ": 72.99236059188843,
        "RQ": 97.25877046585083,
        "TP": 887,
        "FP": 0,
        "FN": 50,
        "ignored": false
      },
      "34": {
        "PQ": 12.068966776132584,
        "SQ": 100.00001192092896,
        "RQ": 12.068965286016464,
        "TP": 7,
        "FP": 0,
        "FN": 102,
        "ignored": false
      }
    },
    "total_TP": 16951,
    "total_FP": 1081,
    "total_FN": 1397,
    "F1": 0.4465598464012146,
    "per_class_IoU": {
      "0": {
        "IoU": 43.8042938709259,
        "ignored": false
      },
      "1": {
        "IoU": 30.70344626903534,
        "ignored": false
      },
      "2": {
        "IoU": 11.981034278869629,
        "ignored": false
      },
      "3": {
        "IoU": 0.0,
        "ignored": true
      },
      "4": {
        "IoU": 0.0,
        "ignored": false
      },
      "5": {
        "IoU": 0.0,
        "ignored": true
      },
      "6": {
        "IoU": 47.319456934928894,
        "ignored": false
      },
      "7": {
        "IoU": 0.0,
        "ignored": true
      },
      "8": {
        "IoU": 0.0,
        "ignored": true
      },
      "9": {
        "IoU": 0.0,
        "ignored": true
      },
      "10": {
        "IoU": 0.0,
        "ignored": false
      },
      "11": {
        "IoU": 0.0,
        "ignored": true
      },
      "12": {
        "IoU": 28.225940465927124,
        "ignored": false
      },
      "13": {
        "IoU": 4.301539435982704,
        "ignored": false
      },
      "14": {
        "IoU": 0.0,
        "ignored": true
      },
      "15": {
        "IoU": 0.0,
        "ignored": true
      },
      "16": {
        "IoU": 0.0,
        "ignored": false
      },
      "17": {
        "IoU": 0.0,
        "ignored": true
      },
      "18": {
        "IoU": 1.1866942048072815,
        "ignored": false
      },
      "19": {
        "IoU": 0.0,
        "ignored": true
      },
      "20": {
        "IoU": 0.0,
        "ignored": true
      },