{
  "metrics": {
    "PQ": 87.36364245414734,
    "SQ": 89.96380567550659,
    "RQ": 97.10976481437683,
    "thing_PQ": 87.10355162620544,
    "thing_SQ": 90.79549908638,
    "thing_RQ": 95.93377709388733,
    "stuff_PQ": 87.71753311157227,
    "stuff_SQ": 88.86401653289795,
    "stuff_RQ": 98.70984554290771,
    "per_class_PQ": {
      "0": {
        "PQ": 87.66589760780334,
        "SQ": 90.04449248313904,
        "RQ": 97.3584234714508,
        "TP": 45112,
        "FP": 642,
        "FN": 1806,
        "ignored": false
      },
      "1": {
        "PQ": 90.90887308120728,
        "SQ": 93.36373805999756,
        "RQ": 97.37064242362976,
        "TP": 26515,
        "FP": 1062,
        "FN": 370,
        "ignored": false
      },
      "2": {
        "PQ": 94.67207193374634,
        "SQ": 97.11160659790039,
        "RQ": 97.48790860176086,
        "TP": 7257,
        "FP": 193,
        "FN": 181,
        "ignored": false
      },
      "3": {
        "PQ": 0.0,
        "SQ": 0.0,
        "RQ": 0.0,
        "TP": 0,
        "FP": 0,
        "FN": 0,
        "ignored": true
      },
      "4": {
        "PQ": 0.0,
        "SQ": 0.0,
        "RQ": 0.0,
        "TP": 0,
        "FP": 0,
        "FN": 0,
        "ignored": false
      },
      "5": {
        "PQ": 0.0,
        "SQ": 0.0,
        "RQ": 0.0,
        "TP": 0,
        "FP": 0,
        "FN": 0,
        "ignored": true
      },
      "6": {
        "PQ": 87.40477561950684,
        "SQ": 91.49563908576965,
        "RQ": 95.52889466285706,
        "TP": 19507,
        "FP": 502,
        "FN": 1324,
        "ignored": false
      },
      "7": {
        "PQ": 0.0,
        "SQ": 0.0,
        "RQ": 0.0,
        "TP": 0,
        "FP": 0,
        "FN": 0,
        "ignored": true
      },
      "8": {
        "PQ": 0.0,
        "SQ": 0.0,
        "RQ": 0.0,
        "TP": 0,
        "FP": 0,
        "FN": 0,
        "ignored": true
      },
      "9": {
        "PQ": 0.0,
        "SQ": 0.0,
        "RQ": 0.0,
        "TP": 0,
        "FP": 0,
        "FN": 0,
        "ignored": true
      },
      "10": {
        "PQ": 77.28263735771179,
        "SQ": 82.68188834190369,
        "RQ": 93.46985220909119,
        "TP": 2054,
        "FP": 126,
        "FN": 161,
        "ignored": false
      },
      "11": {
        "PQ": 0.0,
        "SQ": 0.0,
        "RQ": 0.0,
        "TP": 0,
        "FP": 0,
        "FN": 0,
        "ignored": true
      },
      "12": {
        "PQ": 84.94942784309387,
        "SQ": 89.17564749717712,
        "RQ": 95.26079297065735,
        "TP": 30774,
        "FP": 926,
        "FN": 2136,
        "ignored": false
      },
      "13": {
        "PQ": 65.70581197738647,
        "SQ": 78.82265448570251,
        "RQ": 83.35904479026794,
        "TP": 4323,
        "FP": 182,
        "FN": 1544,
        "ignored": false
      },
      "14": {
        "PQ": 0.0,
        "SQ": 0.0,
        "RQ": 0.0,
        "TP": 0,
        "FP": 0,
        "FN": 0,
        "ignored": true
      },
      "15": {
        "PQ": 0.0,
        "SQ": 0.0,
        "RQ": 0.0,
        "TP": 0,
        "FP": 0,
        "FN": 0,
        "ignored": true
      },
      "16": {
        "PQ": 76.51211619377136,
        "SQ": 86.17985248565674,
        "RQ": 88.78190517425537,
        "TP": 4887,
        "FP": 178,
        "FN": 1057,
        "ignored": false
      },
      "17": {
        "PQ": 0.0,
        "SQ": 0.0,
        "RQ": 0.0,
        "TP": 0,
        "FP": 0,
        "FN": 0,
        "ignored": true
      },
      "18": {
        "PQ": 86.54542565345764,
        "SQ": 92.55890250205994,
        "RQ": 93.50308179855347,
        "TP": 20271,
        "FP": 2205,
        "FN": 612,
        "ignored": false
      },
      "19": {
        "PQ": 0.0,
        "SQ": 0.0,
        "RQ": 0.0,
        "TP": 0,
        "FP": 0,
        "FN": 0,
        "ignored": true
      },
      "20": {
        "PQ": 0.0,
        "SQ": 0.0,
        "RQ": 0.0,
        "TP": 0,
        "FP": 0,
        "FN": 0,
        "ignored": true
      },
      "21": {
        "PQ": 0.0,
        "SQ": 0.0,
        "RQ": 0.0,
        "TP": 0,
        "FP": 0,
        "FN": 0,
        "ignored": true
      },
      "22": {
        "PQ": 0.0,
        "SQ": 0.0,
        "RQ": 0.0,
        "TP": 0,
        "FP": 0,
        "FN": 0,
        "ignored": true
      },
      "23": {
        "PQ": 0.0,
        "SQ": 0.0,
        "RQ": 0.0,
        "TP": 0,
        "FP": 0,
        "FN": 0,
        "ignored": true
      },
      "24": {
        "PQ": 90.08433222770691,
        "SQ": 96.80449962615967,
        "RQ": 93.05800199508667,
        "TP": 7661,
        "FP": 1060,
        "FN": 83,
        "ignored": false
      },
      "25": {
        "PQ": 87.56090998649597,
        "SQ": 89.46440815925598,
        "RQ": 97.8723406791687,
        "TP": 6624,
        "FP": 137,
        "FN": 151,
        "ignored": false
      },
      "26": {
        "PQ": 85.21694540977478,
        "SQ": 94.02949213981628,
        "RQ": 90.6278908252716,
        "TP": 6856,
        "FP": 945,
        "FN": 473,
        "ignored": false
      },
      "27": {
        "PQ": 86.30036115646362,
        "SQ": 87.19042539596558,
        "RQ": 98.97916913032532,
        "TP": 27391,
        "FP": 253,
        "FN": 312,
        "ignored": false
      },
      "28": {
        "PQ": 94.36720609664917,
        "SQ": 95.25565505027771,
        "RQ": 99.06730055809021,
        "TP": 12321,
        "FP": 31,
        "FN": 201,
        "ignored": false
      },
      "29": {
        "PQ": 86.80276274681091,
        "SQ": 89.60835933685303,
        "RQ": 96.86904549598694,
        "TP": 3558,
        "FP": 205,
        "FN": 25,
        "ignored": false
      },
      "30": {
        "PQ": 88.63304853439331,
        "SQ": 95.91602087020874,
        "RQ": 92.40692853927612,
        "TP": 6590,
        "FP": 1036,
        "FN": 47,
        "ignored": false
      },
      "31": {
        "PQ": 98.07005524635315,
        "SQ": 98.29490780830383,
        "RQ": 99.771249294281,
        "TP": 21590,
        "FP": 24,
        "FN": 75,
        "ignored": false
      },
      "32": {
        "PQ": 86.85983419418335,
        "SQ": 87.46010065078735,
        "RQ": 99.31367039680481,
        "TP": 124517,
        "FP": 1050,
        "FN": 671,
        "ignored": false
      },
      "33": {
        "PQ": 81.40209913253784,
        "SQ": 83.98053050041199,
        "RQ": 96.92972898483276,
        "TP": 15138,
        "FP": 499,
        "FN": 460,
        "ignored": false
      },
      "34": {
        "PQ": 78.66562604904175,
        "SQ": 88.30216526985168,
        "RQ": 89.0868604183197,
        "TP": 2400,
        "FP": 49,
        "FN": 539,
        "ignored": false
      }
    },
    "total_TP": 395346,
    "total_FP": 11305,
    "total_FN": 12228,
    "F1": 0.4842641055583954,
    "per_class_IoU": {
      "0": {
        "IoU": 69.45351958274841,
        "ignored": false
      },
      "1": {
        "IoU": 73.91507029533386,
        "ignored": false
      },
      "2": {
        "IoU": 59.83654856681824,
        "ignored": false
      },
      "3": {
        "IoU": 0.0,
        "ignored": true
      },
      "4": {
        "IoU": 0.0,
        "ignored": false
      },
      "5": {
        "IoU": 0.0,
        "ignored": true
      },
      "6": {
        "IoU": 52.370721101760864,
        "ignored": false
      },
      "7": {
        "IoU": 0.0,
        "ignored": true
      },
      "8": {
        "IoU": 0.0,
        "ignored": true
      },
      "9": {
        "IoU": 0.0,
        "ignored": true
      },
      "10": {
        "IoU": 44.14322078227997,
        "ignored": false
      },
      "11": {
        "IoU": 0.0,
        "ignored": true
      },
      "12": {
        "IoU": 32.12212324142456,
        "ignored": false
      },
      "13": {
        "IoU": 27.925992012023926,
        "ignored": false
      },
      "14": {
        "IoU": 0.0,
        "ignored": true
      },