{
  "metrics": {
    "PQ": 72.52930998802185,
    "SQ": 78.34998965263367,
    "RQ": 92.57092475891113,
    "thing_PQ": 75.81179141998291,
    "thing_SQ": 85.24405360221863,
    "thing_RQ": 88.934987783432,
    "stuff_PQ": 69.09060478210449,
    "stuff_SQ": 71.6856837272644,
    "stuff_RQ": 96.3799238204956,
    "per_class_PQ": {
      "0": {
        "PQ": 85.2225661277771,
        "SQ": 90.50005078315735,
        "RQ": 94.16852593421936,
        "TP": 3375,
        "FP": 62,
        "FN": 356,
        "ignored": false
      },
      "1": {
        "PQ": 76.26689076423645,
        "SQ": 85.256826877594,
        "RQ": 89.4554615020752,
        "TP": 1421,
        "FP": 239,
        "FN": 96,
        "ignored": false
      },
      "2": {
        "PQ": 0.0,
        "SQ": 0.0,
        "RQ": 0.0,
        "TP": 0,
        "FP": 109,
        "FN": 13,
        "ignored": false
      },
      "3": {
        "PQ": 0.0,
        "SQ": 0.0,
        "RQ": 0.0,
        "TP": 0,
        "FP": 0,
        "FN": 0,
        "ignored": true
      },
      "4": {
        "PQ": 0.0,
        "SQ": 0.0,
        "RQ": 0.0,
        "TP": 0,
        "FP": 0,
        "FN": 0,
        "ignored": false
      },
      "5": {
        "PQ": 0.0,
        "SQ": 0.0,
        "RQ": 0.0,
        "TP": 0,
        "FP": 0,
        "FN": 0,
        "ignored": true
      },
      "6": {
        "PQ": 83.04062485694885,
        "SQ": 88.73908519744873,
        "RQ": 93.5784101486206,
        "TP": 2011,
        "FP": 49,
        "FN": 227,
        "ignored": false
      },
      "7": {
        "PQ": 0.0,
        "SQ": 0.0,
        "RQ": 0.0,
        "TP": 0,
        "FP": 0,
        "FN": 0,
        "ignored": true
      },
      "8": {
        "PQ": 0.0,
        "SQ": 0.0,
        "RQ": 0.0,
        "TP": 0,
        "FP": 0,
        "FN": 0,
        "ignored": true
      },
      "9": {
        "PQ": 0.0,
        "SQ": 0.0,
        "RQ": 0.0,
        "TP": 0,
        "FP": 0,
        "FN": 0,
        "ignored": true
      },
      "10": {
        "PQ": 0.0,
        "SQ": 0.0,
        "RQ": 0.0,
        "TP": 0,
        "FP": 0,
        "FN": 0,
        "ignored": false
      },
      "11": {
        "PQ": 0.0,
        "SQ": 0.0,
        "RQ": 0.0,
        "TP": 0,
        "FP": 0,
        "FN": 0,
        "ignored": true
      },
      "12": {
        "PQ": 56.084948778152466,
        "SQ": 77.99720764160156,
        "RQ": 71.90635204315186,
        "TP": 215,
        "FP": 39,
        "FN": 129,
        "ignored": false
      },
      "13": {
        "PQ": 20.228157937526703,
        "SQ": 82.9354465007782,
        "RQ": 24.390244483947754,
        "TP": 10,
        "FP": 4,
        "FN": 58,
        "ignored": false
      },
      "14": {
        "PQ": 0.0,
        "SQ": 0.0,
        "RQ": 0.0,
        "TP": 0,
        "FP": 0,
        "FN": 0,
        "ignored": true
      },
      "15": {
        "PQ": 0.0,
        "SQ": 0.0,
        "RQ": 0.0,
        "TP": 0,
        "FP": 0,
        "FN": 0,
        "ignored": true
      },
      "16": {
        "PQ": 0.0,
        "SQ": 0.0,
        "RQ": 0.0,
        "TP": 0,
        "FP": 0,
        "FN": 2,
        "ignored": false
      },
      "17": {
        "PQ": 0.0,
        "SQ": 0.0,
        "RQ": 0.0,
        "TP": 0,
        "FP": 0,
        "FN": 0,
        "ignored": true
      },
      "18": {
        "PQ": 0.0,
        "SQ": 0.0,
        "RQ": 0.0,
        "TP": 0,
        "FP": 134,
        "FN": 29,
        "ignored": false
      },
      "19": {
        "PQ": 0.0,
        "SQ": 0.0,
        "RQ": 0.0,
        "TP": 0,
        "FP": 0,
        "FN": 0,
        "ignored": true
      },
      "20": {
        "PQ": 0.0,
        "SQ": 0.0,
        "RQ": 0.0,
        "TP": 0,
        "FP": 0,
        "FN": 0,
        "ignored": true
      },
      "21": {
        "PQ": 0.0,
        "SQ": 0.0,
        "RQ": 0.0,
        "TP": 0,
        "FP": 0,
        "FN": 0,
        "ignored": true
      },
      "22": {
        "PQ": 0.0,
        "SQ": 0.0,
        "RQ": 0.0,
        "TP": 0,
        "FP": 0,
        "FN": 0,
        "ignored": true
      },
      "23": {
        "PQ": 0.0,
        "SQ": 0.0,
        "RQ": 0.0,
        "TP": 0,
        "FP": 0,
        "FN": 0,
        "ignored": true
      },
      "24": {
        "PQ": 0.0,
        "SQ": 0.0,
        "RQ": 0.0,
        "TP": 0,
        "FP": 280,
        "FN": 5,
        "ignored": false
      },
      "25": {
        "PQ": 49.330222606658936,
        "SQ": 82.62812495231628,
        "RQ": 59.70149040222168,
        "TP": 40,
        "FP": 0,
        "FN": 54,
        "ignored": false
      },
      "26": {
        "PQ": 67.11947321891785,
        "SQ": 87.90869116783142,
        "RQ": 76.35135054588318,
        "TP": 113,
        "FP": 0,
        "FN": 70,
        "ignored": false
      },
      "27": {
        "PQ": 67.70325303077698,
        "SQ": 70.68064212799072,
        "RQ": 95.78754305839539,
        "TP": 1569,
        "FP": 76,
        "FN": 62,
        "ignored": false
      },
      "28": {
        "PQ": 35.77434718608856,
        "SQ": 69.5044457912445,
        "RQ": 51.47058963775635,
        "TP": 35,
        "FP": 15,
        "FN": 51,
        "ignored": false
      },
      "29": {
        "PQ": 0.0,
        "SQ": 0.0,
        "RQ": 0.0,
        "TP": 0,
        "FP": 0,
        "FN": 28,
        "ignored": false
      },
      "30": {
        "PQ": 0.0,
        "SQ": 0.0,
        "RQ": 0.0,
        "TP": 0,
        "FP": 0,
        "FN": 2,
        "ignored": false
      },
      "31": {
        "PQ": 0.0,
        "SQ": 0.0,
        "RQ": 0.0,
        "TP": 0,
        "FP": 49,
        "FN": 8,
        "ignored": false
      },
      "32": {
        "PQ": 69.50545310974121,
        "SQ": 71.48528099060059,
        "RQ": 97.23044037818909,
        "TP": 8215,
        "FP": 369,
        "FN": 99,
        "ignored": false
      },
      "33": {
        "PQ": 71.24468088150024,
        "SQ": 73.25794100761414,
        "RQ": 97.25182056427002,
        "TP": 867,
        "FP": 0,
        "FN": 49,
        "ignored": false
      },
      "34": {
        "PQ": 15.748032927513123,
        "SQ": 100.00001192092896,
        "RQ": 15.748031437397003,
        "TP": 10,
        "FP": 0,
        "FN": 107,
        "ignored": false
      }
    },
    "total_TP": 17881,
    "total_FP": 1425,
    "total_FN": 1445,
    "F1": 0.4487837851047516,
    "per_class_IoU": {
      "0": {
        "IoU": 59.98489260673523,
        "ignored": false
      },
      "1": {
        "IoU": 58.33637714385986,
        "ignored": false
      },
      "2": {
        "IoU": 11.414865404367447,
        "ignored": false
      },
      "3": {
        "IoU": 0.0,
        "ignored": true
      },
      "4": {
        "IoU": 0.0,
        "ignored": false
      },
      "5": {
        "IoU": 0.0,
        "ignored": true
      },
      "6": {
        "IoU": 47.03372418880463,
        "ignored": false
      },
      "7": {
        "IoU": 0.0,
        "ignored": true
      },
      "8": {
        "IoU": 0.0,
        "ignored": true
      },
      "9": {
        "IoU": 0.0,
        "ignored": true
      },
      "10": {
        "IoU": 0.0,
        "ignored": false
      },
      "11": {
        "IoU": 0.0,
        "ignored": true
      },
      "12": {
        "IoU": 30.88764250278473,
        "ignored": false
      },
      "13": {
        "IoU": 13.344042003154755,
        "ignored": false
      },
      "14": {
        "IoU": 0.0,
        "ignored": true
      },
      "15": {
        "IoU": 0.0,
        "ignored": true
      },
      "16": {
        "IoU": 0.0,
        "ignored": false
      },
      "17": {
        "IoU": 0.0,
        "ignored": true
      },
      "18": {
        "IoU": 2.0899534225463867,
        "ignored": false
      },
      "19": {
        "IoU": 0.0,
        "ignored": true
      },
      "20": {
        "IoU": 0.0,
        "ignored": true
      },
      "21": {
        "IoU": 0.0,