{
  "metrics": {
    "PQ": 72.4902331829071,
    "SQ": 78.38312983512878,
    "RQ": 92.481929063797,
    "thing_PQ": 75.7562518119812,
    "thing_SQ": 85.36621332168579,
    "thing_RQ": 88.74266743659973,
    "stuff_PQ": 69.06907558441162,
    "stuff_SQ": 71.64931297302246,
    "stuff_RQ": 96.39880061149597,
    "per_class_PQ": {
      "0": {
        "PQ": 85.0145161151886,
        "SQ": 90.52588939666748,
        "RQ": 93.91182661056519,
        "TP": 3355,
        "FP": 76,
        "FN": 359,
        "ignored": false
      },
      "1": {
        "PQ": 77.17258930206299,
        "SQ": 85.6564998626709,
        "RQ": 90.09542465209961,
        "TP": 1369,
        "FP": 203,
        "FN": 98,
        "ignored": false
      },
      "2": {
        "PQ": 0.0,
        "SQ": 0.0,
        "RQ": 0.0,
        "TP": 0,
        "FP": 112,
        "FN": 13,
        "ignored": false
      },
      "3": {
        "PQ": 0.0,
        "SQ": 0.0,
        "RQ": 0.0,
        "TP": 0,
        "FP": 0,
        "FN": 0,
        "ignored": true
      },
      "4": {
        "PQ": 0.0,
        "SQ": 0.0,
        "RQ": 0.0,
        "TP": 0,
        "FP": 0,
        "FN": 0,
        "ignored": false
      },
      "5": {
        "PQ": 0.0,
        "SQ": 0.0,
        "RQ": 0.0,
        "TP": 0,
        "FP": 0,
        "FN": 0,
        "ignored": true
      },
      "6": {
        "PQ": 82.75606036186218,
        "SQ": 88.25682997703552,
        "RQ": 93.76731514930725,
        "TP": 2031,
        "FP": 47,
        "FN": 223,
        "ignored": false
      },
      "7": {
        "PQ": 0.0,
        "SQ": 0.0,
        "RQ": 0.0,
        "TP": 0,
        "FP": 0,
        "FN": 0,
        "ignored": true
      },
      "8": {
        "PQ": 0.0,
        "SQ": 0.0,
        "RQ": 0.0,
        "TP": 0,
        "FP": 0,
        "FN": 0,
        "ignored": true
      },
      "9": {
        "PQ": 0.0,
        "SQ": 0.0,
        "RQ": 0.0,
        "TP": 0,
        "FP": 0,
        "FN": 0,
        "ignored": true
      },
      "10": {
        "PQ": 0.0,
        "SQ": 0.0,
        "RQ": 0.0,
        "TP": 0,
        "FP": 0,
        "FN": 0,
        "ignored": false
      },
      "11": {
        "PQ": 0.0,
        "SQ": 0.0,
        "RQ": 0.0,
        "TP": 0,
        "FP": 0,
        "FN": 0,
        "ignored": true
      },
      "12": {
        "PQ": 60.579049587249756,
        "SQ": 78.41906547546387,
        "RQ": 77.25040912628174,
        "TP": 236,
        "FP": 16,
        "FN": 123,
        "ignored": false
      },
      "13": {
        "PQ": 20.601053535938263,
        "SQ": 79.59497570991516,
        "RQ": 25.882354378700256,
        "TP": 11,
        "FP": 5,
        "FN": 58,
        "ignored": false
      },
      "14": {
        "PQ": 0.0,
        "SQ": 0.0,
        "RQ": 0.0,
        "TP": 0,
        "FP": 0,
        "FN": 0,
        "ignored": true
      },
      "15": {
        "PQ": 0.0,
        "SQ": 0.0,
        "RQ": 0.0,
        "TP": 0,
        "FP": 0,
        "FN": 0,
        "ignored": true
      },
      "16": {
        "PQ": 0.0,
        "SQ": 0.0,
        "RQ": 0.0,
        "TP": 0,
        "FP": 0,
        "FN": 2,
        "ignored": false
      },
      "17": {
        "PQ": 0.0,
        "SQ": 0.0,
        "RQ": 0.0,
        "TP": 0,
        "FP": 0,
        "FN": 0,
        "ignored": true
      },
      "18": {
        "PQ": 0.0,
        "SQ": 0.0,
        "RQ": 0.0,
        "TP": 0,
        "FP": 171,
        "FN": 29,
        "ignored": false
      },
      "19": {
        "PQ": 0.0,
        "SQ": 0.0,
        "RQ": 0.0,
        "TP": 0,
        "FP": 0,
        "FN": 0,
        "ignored": true
      },
      "20": {
        "PQ": 0.0,
        "SQ": 0.0,
        "RQ": 0.0,
        "TP": 0,
        "FP": 0,
        "FN": 0,
        "ignored": true
      },
      "21": {
        "PQ": 0.0,
        "SQ": 0.0,
        "RQ": 0.0,
        "TP": 0,
        "FP": 0,
        "FN": 0,
        "ignored": true
      },
      "22": {
        "PQ": 0.0,
        "SQ": 0.0,
        "RQ": 0.0,
        "TP": 0,
        "FP": 0,
        "FN": 0,
        "ignored": true
      },
      "23": {
        "PQ": 0.0,
        "SQ": 0.0,
        "RQ": 0.0,
        "TP": 0,
        "FP": 0,
        "FN": 0,
        "ignored": true
      },
      "24": {
        "PQ": 0.0,
        "SQ": 0.0,
        "RQ": 0.0,
        "TP": 0,
        "FP": 326,
        "FN": 5,
        "ignored": false
      },
      "25": {
        "PQ": 45.14234960079193,
        "SQ": 72.2277581691742,
        "RQ": 62.5,
        "TP": 45,
        "FP": 0,
        "FN": 54,
        "ignored": false
      },
      "26": {
        "PQ": 69.51049566268921,
        "SQ": 93.83917450904846,
        "RQ": 74.0740716457367,
        "TP": 100,
        "FP": 0,
        "FN": 70,
        "ignored": false
      },
      "27": {
        "PQ": 68.20301413536072,
        "SQ": 71.23124599456787,
        "RQ": 95.74872851371765,
        "TP": 1509,
        "FP": 72,
        "FN": 62,
        "ignored": false
      },
      "28": {
        "PQ": 40.685656666755676,
        "SQ": 66.70555472373962,
        "RQ": 60.9929084777832,
        "TP": 43,
        "FP": 4,
        "FN": 51,
        "ignored": false
      },
      "29": {
        "PQ": 0.0,
        "SQ": 0.0,
        "RQ": 0.0,
        "TP": 0,
        "FP": 0,
        "FN": 28,
        "ignored": false
      },
      "30": {
        "PQ": 0.0,
        "SQ": 0.0,
        "RQ": 0.0,
        "TP": 0,
        "FP": 0,
        "FN": 2,
        "ignored": false
      },
      "31": {
        "PQ": 0.0,
        "SQ": 0.0,
        "RQ": 0.0,
        "TP": 0,
        "FP": 45,
        "FN": 8,
        "ignored": false
      },
      "32": {
        "PQ": 69.30539608001709,
        "SQ": 71.26967310905457,
        "RQ": 97.24388122558594,
        "TP": 8168,
        "FP": 364,
        "FN": 99,
        "ignored": false
      },
      "33": {
        "PQ": 72.96695709228516,
        "SQ": 75.08006691932678,
        "RQ": 97.18552827835083,
        "TP": 846,
        "FP": 0,
        "FN": 49,
        "ignored": false
      },
      "34": {
        "PQ": 11.570249497890472,
        "SQ": 100.00001192092896,
        "RQ": 11.570248007774353,
        "TP": 7,
        "FP": 0,
        "FN": 107,
        "ignored": false
      }
    },
    "total_TP": 17720,
    "total_FP": 1441,
    "total_FN": 1440,
    "F1": 0.44788211584091187,
    "per_class_IoU": {
      "0": {
        "IoU": 59.69517230987549,
        "ignored": false
      },
      "1": {
        "IoU": 57.8220009803772,
        "ignored": false
      },
      "2": {
        "IoU": 12.165429443120956,
        "ignored": false
      },
      "3": {
        "IoU": 0.0,
        "ignored": true
      },
      "4": {
        "IoU": 0.0,
        "ignored": false
      },
      "5": {
        "IoU": 0.0,
        "ignored": true
      },
      "6": {
        "IoU": 46.741750836372375,
        "ignored": false
      },
      "7": {
        "IoU": 0.0,
        "ignored": true
      },
      "8": {
        "IoU": 0.0,
        "ignored": true
      },
      "9": {
        "IoU": 0.0,
        "ignored": true
      },
      "10": {
        "IoU": 0.0,
        "ignored": false
      },
      "11": {
        "IoU": 0.0,
        "ignored": true
      },
      "12": {
        "IoU": 32.48995542526245,
        "ignored": false
      },
      "13": {
        "IoU": 13.200519979000092,
        "ignored": false
      },
      "14": {
        "IoU": 0.0,
        "ignored": true
      },
      "15": {
        "IoU": 0.0,
        "ignored": true
      },
      "16": {
        "IoU": 0.0,
        "ignored": false
      },
      "17": {
        "IoU": 0.0,
        "ignored": true
      },
      "18": {
        "IoU": 2.569511905312538,
        "ignored": false
      },
      "19": {
        "IoU": 0.0,
        "ignored": true
      },
      "20": {
        "IoU": 0.0,
        "ignored": true
      },
      "21": {
        "IoU": 0.0,