{
  "metrics": {
    "PQ": 64.2884612083435,
    "SQ": 76.3326346874237,
    "RQ": 84.22146439552307,
    "thing_PQ": 50.50301551818848,
    "thing_SQ": 71.85034155845642,
    "thing_RQ": 70.28917670249939,
    "stuff_PQ": 73.67728352546692,
    "stuff_SQ": 78.62240672111511,
    "stuff_RQ": 93.71029138565063,
    "per_class_PQ": {
      "0": {
        "PQ": 46.02655470371246,
        "SQ": 77.63515710830688,
        "RQ": 59.285712242126465,
        "TP": 166,
        "FP": 11,
        "FN": 217,
        "ignored": false
      },
      "1": {
        "PQ": 71.67366743087769,
        "SQ": 75.49348473548889,
        "RQ": 94.94020342826843,
        "TP": 516,
        "FP": 22,
        "FN": 33,
        "ignored": false
      },
      "2": {
        "PQ": 12.049122899770737,
        "SQ": 66.27017259597778,
        "RQ": 18.18181872367859,
        "TP": 1,
        "FP": 0,
        "FN": 9,
        "ignored": false
      },
      "3": {
        "PQ": 0.0,
        "SQ": 0.0,
        "RQ": 0.0,
        "TP": 0,
        "FP": 0,
        "FN": 0,
        "ignored": true
      },
      "4": {
        "PQ": 0.0,
        "SQ": 0.0,
        "RQ": 0.0,
        "TP": 0,
        "FP": 0,
        "FN": 0,
        "ignored": false
      },
      "5": {
        "PQ": 0.0,
        "SQ": 0.0,
        "RQ": 0.0,
        "TP": 0,
        "FP": 0,
        "FN": 0,
        "ignored": true
      },
      "6": {
        "PQ": 0.0,
        "SQ": 0.0,
        "RQ": 0.0,
        "TP": 0,
        "FP": 0,
        "FN": 54,
        "ignored": false
      },
      "7": {
        "PQ": 0.0,
        "SQ": 0.0,
        "RQ": 0.0,
        "TP": 0,
        "FP": 0,
        "FN": 0,
        "ignored": true
      },
      "8": {
        "PQ": 0.0,
        "SQ": 0.0,
        "RQ": 0.0,
        "TP": 0,
        "FP": 0,
        "FN": 0,
        "ignored": true
      },
      "9": {
        "PQ": 0.0,
        "SQ": 0.0,
        "RQ": 0.0,
        "TP": 0,
        "FP": 0,
        "FN": 0,
        "ignored": true
      },
      "10": {
        "PQ": 0.0,
        "SQ": 0.0,
        "RQ": 0.0,
        "TP": 0,
        "FP": 0,
        "FN": 0,
        "ignored": false
      },
      "11": {
        "PQ": 0.0,
        "SQ": 0.0,
        "RQ": 0.0,
        "TP": 0,
        "FP": 0,
        "FN": 0,
        "ignored": true
      },
      "12": {
        "PQ": 54.4302761554718,
        "SQ": 84.23733115196228,
        "RQ": 64.61538672447205,
        "TP": 189,
        "FP": 78,
        "FN": 129,
        "ignored": false
      },
      "13": {
        "PQ": 26.627561450004578,
        "SQ": 76.8102765083313,
        "RQ": 34.66666638851166,
        "TP": 13,
        "FP": 0,
        "FN": 49,
        "ignored": false
      },
      "14": {
        "PQ": 0.0,
        "SQ": 0.0,
        "RQ": 0.0,
        "TP": 0,
        "FP": 0,
        "FN": 0,
        "ignored": true
      },
      "15": {
        "PQ": 0.0,
        "SQ": 0.0,
        "RQ": 0.0,
        "TP": 0,
        "FP": 0,
        "FN": 0,
        "ignored": true
      },
      "16": {
        "PQ": 0.0,
        "SQ": 0.0,
        "RQ": 0.0,
        "TP": 0,
        "FP": 0,
        "FN": 2,
        "ignored": false
      },
      "17": {
        "PQ": 0.0,
        "SQ": 0.0,
        "RQ": 0.0,
        "TP": 0,
        "FP": 0,
        "FN": 0,
        "ignored": true
      },
      "18": {
        "PQ": 0.0,
        "SQ": 0.0,
        "RQ": 0.0,
        "TP": 0,
        "FP": 175,
        "FN": 17,
        "ignored": false
      },
      "19": {
        "PQ": 0.0,
        "SQ": 0.0,
        "RQ": 0.0,
        "TP": 0,
        "FP": 0,
        "FN": 0,
        "ignored": true
      },
      "20": {
        "PQ": 0.0,
        "SQ": 0.0,
        "RQ": 0.0,
        "TP": 0,
        "FP": 0,
        "FN": 0,
        "ignored": true
      },
      "21": {
        "PQ": 0.0,
        "SQ": 0.0,
        "RQ": 0.0,
        "TP": 0,
        "FP": 0,
        "FN": 0,
        "ignored": true
      },
      "22": {
        "PQ": 0.0,
        "SQ": 0.0,
        "RQ": 0.0,
        "TP": 0,
        "FP": 0,
        "FN": 0,
        "ignored": true
      },
      "23": {
        "PQ": 0.0,
        "SQ": 0.0,
        "RQ": 0.0,
        "TP": 0,
        "FP": 0,
        "FN": 0,
        "ignored": true
      },
      "24": {
        "PQ": 0.0,
        "SQ": 0.0,
        "RQ": 0.0,
        "TP": 0,
        "FP": 170,
        "FN": 5,
        "ignored": false
      },
      "25": {
        "PQ": 27.73520052433014,
        "SQ": 78.58306765556335,
        "RQ": 35.29411852359772,
        "TP": 15,
        "FP": 0,
        "FN": 55,
        "ignored": false
      },
      "26": {
        "PQ": 46.74330651760101,
        "SQ": 78.28369140625,
        "RQ": 59.710144996643066,
        "TP": 103,
        "FP": 74,
        "FN": 65,
        "ignored": false
      },
      "27": {
        "PQ": 55.142539739608765,
        "SQ": 59.39335823059082,
        "RQ": 92.84294247627258,
        "TP": 467,
        "FP": 59,
        "FN": 13,
        "ignored": false
      },
      "28": {
        "PQ": 57.48966336250305,
        "SQ": 66.81231260299683,
        "RQ": 86.04651093482971,
        "TP": 37,
        "FP": 0,
        "FN": 12,
        "ignored": false
      },
      "29": {
        "PQ": 0.0,
        "SQ": 0.0,
        "RQ": 0.0,
        "TP": 0,
        "FP": 0,
        "FN": 25,
        "ignored": false
      },
      "30": {
        "PQ": 0.0,
        "SQ": 0.0,
        "RQ": 0.0,
        "TP": 0,
        "FP": 4,
        "FN": 2,
        "ignored": false
      },
      "31": {
        "PQ": 0.0,
        "SQ": 0.0,
        "RQ": 0.0,
        "TP": 0,
        "FP": 65,
        "FN": 5,
        "ignored": false
      },
      "32": {
        "PQ": 75.49403309822083,
        "SQ": 78.58526706695557,
        "RQ": 96.0663914680481,
        "TP": 2894,
        "FP": 194,
        "FN": 43,
        "ignored": false
      },
      "33": {
        "PQ": 47.23959565162659,
        "SQ": 76.7643392086029,
        "RQ": 61.538463830947876,
        "TP": 44,
        "FP": 15,
        "FN": 40,
        "ignored": false
      },
      "34": {
        "PQ": 43.565887212753296,
        "SQ": 94.3927526473999,
        "RQ": 46.15384638309479,
        "TP": 12,
        "FP": 1,
        "FN": 27,
        "ignored": false
      }
    },
    "total_TP": 4457,
    "total_FP": 868,
    "total_FN": 802,
    "F1": 0.32020291686058044,
    "per_class_IoU": {
      "0": {
        "IoU": 12.25057914853096,
        "ignored": false
      },
      "1": {
        "IoU": 36.253952980041504,
        "ignored": false
      },
      "2": {
        "IoU": 8.619458973407745,
        "ignored": false
      },
      "3": {
        "IoU": 0.0,
        "ignored": true
      },
      "4": {
        "IoU": 0.0,
        "ignored": false
      },
      "5": {
        "IoU": 0.0,
        "ignored": true
      },
      "6": {
        "IoU": 0.0,
        "ignored": false
      },
      "7": {
        "IoU": 0.0,
        "ignored": true
      },
      "8": {
        "IoU": 0.0,
        "ignored": true
      },
      "9": {
        "IoU": 0.0,
        "ignored": true
      },
      "10": {
        "IoU": 0.0,
        "ignored": false
      },
      "11": {
        "IoU": 0.0,
        "ignored": true
      },
      "12": {
        "IoU": 22.053955495357513,
        "ignored": false
      },
      "13": {
        "IoU": 6.067243590950966,
        "ignored": false
      },
      "14": {
        "IoU": 0.0,
        "ignored": true
      },
      "15": {
        "IoU": 0.0,
        "ignored": true
      },
      "16": {
        "IoU": 0.0,
        "ignored": false
      },
      "17": {
        "IoU": 0.0,
        "ignored": true
      },
      "18": {
        "IoU": 7.611092925071716,
        "ignored": false
      },
      "19": {
        "IoU": 0.0,
        "ignored": true
      },
      "20": {
        "IoU": 0.0,
        "ignored": true
      },
      "21": {
        "IoU": 0.0,