{
  "metrics": {
    "PQ": 73.51877093315125,
    "SQ": 84.79700088500977,
    "RQ": 86.69973015785217,
    "thing_PQ": 76.73127055168152,
    "thing_SQ": 85.70036292076111,
    "thing_RQ": 89.53436017036438,
    "stuff_PQ": 63.734763860702515,
    "stuff_SQ": 81.6415548324585,
    "stuff_RQ": 78.06657552719116,
    "per_class_PQ": {
      "0": {
        "PQ": 83.84258151054382,
        "SQ": 87.09427118301392,
        "RQ": 96.26647233963013,
        "TP": 2630,
        "FP": 113,
        "FN": 91,
        "ignored": false
      },
      "1": {
        "PQ": 69.41896677017212,
        "SQ": 78.09633612632751,
        "RQ": 88.88888955116272,
        "TP": 60,
        "FP": 1,
        "FN": 14,
        "ignored": false
      },
      "2": {
        "PQ": 0.0,
        "SQ": 0.0,
        "RQ": 0.0,
        "TP": 0,
        "FP": 9,
        "FN": 17,
        "ignored": false
      },
      "3": {
        "PQ": 0.0,
        "SQ": 0.0,
        "RQ": 0.0,
        "TP": 0,
        "FP": 0,
        "FN": 0,
        "ignored": true
      },
      "4": {
        "PQ": 0.0,
        "SQ": 0.0,
        "RQ": 0.0,
        "TP": 0,
        "FP": 0,
        "FN": 1,
        "ignored": false
      },
      "5": {
        "PQ": 0.0,
        "SQ": 0.0,
        "RQ": 0.0,
        "TP": 0,
        "FP": 0,
        "FN": 0,
        "ignored": true
      },
      "6": {
        "PQ": 48.981496691703796,
        "SQ": 94.01286840438843,
        "RQ": 52.10084319114685,
        "TP": 31,
        "FP": 8,
        "FN": 49,
        "ignored": false
      },
      "7": {
        "PQ": 0.0,
        "SQ": 0.0,
        "RQ": 0.0,
        "TP": 0,
        "FP": 0,
        "FN": 0,
        "ignored": true
      },
      "8": {
        "PQ": 0.0,
        "SQ": 0.0,
        "RQ": 0.0,
        "TP": 0,
        "FP": 0,
        "FN": 0,
        "ignored": true
      },
      "9": {
        "PQ": 0.0,
        "SQ": 0.0,
        "RQ": 0.0,
        "TP": 0,
        "FP": 0,
        "FN": 0,
        "ignored": true
      },
      "10": {
        "PQ": 0.0,
        "SQ": 0.0,
        "RQ": 0.0,
        "TP": 0,
        "FP": 0,
        "FN": 3,
        "ignored": false
      },
      "11": {
        "PQ": 0.0,
        "SQ": 0.0,
        "RQ": 0.0,
        "TP": 0,
        "FP": 0,
        "FN": 0,
        "ignored": true
      },
      "12": {
        "PQ": 0.0,
        "SQ": 0.0,
        "RQ": 0.0,
        "TP": 0,
        "FP": 1,
        "FN": 84,
        "ignored": false
      },
      "13": {
        "PQ": 0.0,
        "SQ": 0.0,
        "RQ": 0.0,
        "TP": 0,
        "FP": 0,
        "FN": 60,
        "ignored": false
      },
      "14": {
        "PQ": 0.0,
        "SQ": 0.0,
        "RQ": 0.0,
        "TP": 0,
        "FP": 0,
        "FN": 0,
        "ignored": true
      },
      "15": {
        "PQ": 0.0,
        "SQ": 0.0,
        "RQ": 0.0,
        "TP": 0,
        "FP": 0,
        "FN": 0,
        "ignored": true
      },
      "16": {
        "PQ": 0.0,
        "SQ": 0.0,
        "RQ": 0.0,
        "TP": 0,
        "FP": 0,
        "FN": 37,
        "ignored": false
      },
      "17": {
        "PQ": 0.0,
        "SQ": 0.0,
        "RQ": 0.0,
        "TP": 0,
        "FP": 0,
        "FN": 0,
        "ignored": true
      },
      "18": {
        "PQ": 34.45780873298645,
        "SQ": 59.890949726104736,
        "RQ": 57.534247636795044,
        "TP": 42,
        "FP": 19,
        "FN": 43,
        "ignored": false
      },
      "19": {
        "PQ": 0.0,
        "SQ": 0.0,
        "RQ": 0.0,
        "TP": 0,
        "FP": 0,
        "FN": 0,
        "ignored": true
      },
      "20": {
        "PQ": 0.0,
        "SQ": 0.0,
        "RQ": 0.0,
        "TP": 0,
        "FP": 0,
        "FN": 0,
        "ignored": true
      },
      "21": {
        "PQ": 0.0,
        "SQ": 0.0,
        "RQ": 0.0,
        "TP": 0,
        "FP": 0,
        "FN": 0,
        "ignored": true
      },
      "22": {
        "PQ": 0.0,
        "SQ": 0.0,
        "RQ": 0.0,
        "TP": 0,
        "FP": 0,
        "FN": 0,
        "ignored": true
      },
      "23": {
        "PQ": 0.0,
        "SQ": 0.0,
        "RQ": 0.0,
        "TP": 0,
        "FP": 0,
        "FN": 0,
        "ignored": true
      },
      "24": {
        "PQ": 0.0,
        "SQ": 0.0,
        "RQ": 0.0,
        "TP": 0,
        "FP": 1,
        "FN": 0,
        "ignored": false
      },
      "25": {
        "PQ": 0.0,
        "SQ": 0.0,
        "RQ": 0.0,
        "TP": 0,
        "FP": 0,
        "FN": 2,
        "ignored": false
      },
      "26": {
        "PQ": 0.0,
        "SQ": 0.0,
        "RQ": 0.0,
        "TP": 0,
        "FP": 48,
        "FN": 41,
        "ignored": false
      },
      "27": {
        "PQ": 66.22875332832336,
        "SQ": 70.60593962669373,
        "RQ": 93.80053877830505,
        "TP": 174,
        "FP": 0,
        "FN": 23,
        "ignored": false
      },
      "28": {
        "PQ": 68.35871934890747,
        "SQ": 90.28510451316833,
        "RQ": 75.71428418159485,
        "TP": 53,
        "FP": 10,
        "FN": 24,
        "ignored": false
      },
      "29": {
        "PQ": 0.0,
        "SQ": 0.0,
        "RQ": 0.0,
        "TP": 0,
        "FP": 0,
        "FN": 0,
        "ignored": false
      },
      "30": {
        "PQ": 0.5390834994614124,
        "SQ": 99.99998807907104,
        "RQ": 0.5390835460275412,
        "TP": 1,
        "FP": 365,
        "FN": 4,
        "ignored": false
      },
      "31": {
        "PQ": 0.0,
        "SQ": 0.0,
        "RQ": 0.0,
        "TP": 0,
        "FP": 0,
        "FN": 10,
        "ignored": false
      },
      "32": {
        "PQ": 0.0,
        "SQ": 0.0,
        "RQ": 0.0,
        "TP": 0,
        "FP": 5,
        "FN": 40,
        "ignored": false
      },
      "33": {
        "PQ": 80.1207423210144,
        "SQ": 81.62007927894592,
        "RQ": 98.16303253173828,
        "TP": 855,
        "FP": 0,
        "FN": 32,
        "ignored": false
      },
      "34": {
        "PQ": 0.0,
        "SQ": 0.0,
        "RQ": 0.0,
        "TP": 0,
        "FP": 0,
        "FN": 25,
        "ignored": false
      }
    },
    "total_TP": 3846,
    "total_FP": 580,
    "total_FN": 600,
    "F1": 0.15795943140983582,
    "per_class_IoU": {
      "0": {
        "IoU": 69.17436122894287,
        "ignored": false
      },
      "1": {
        "IoU": 43.5687392950058,
        "ignored": false
      },
      "2": {
        "IoU": 0.0,
        "ignored": false
      },
      "3": {
        "IoU": 0.0,
        "ignored": true
      },
      "4": {
        "IoU": 0.0,
        "ignored": false
      },
      "5": {
        "IoU": 0.0,
        "ignored": true
      },
      "6": {
        "IoU": 7.811447978019714,
        "ignored": false
      },
      "7": {
        "IoU": 0.0,
        "ignored": true
      },
      "8": {
        "IoU": 0.0,
        "ignored": true
      },
      "9": {
        "IoU": 0.0,
        "ignored": true
      },
      "10": {
        "IoU": 0.0,
        "ignored": false
      },
      "11": {
        "IoU": 0.0,
        "ignored": true
      },
      "12": {
        "IoU": 0.07531472365371883,
        "ignored": false
      },
      "13": {
        "IoU": 0.0,
        "ignored": false
      },
      "14": {
        "IoU": 0.0,
        "ignored": true
      },
      "15": {
        "IoU": 0.0,
        "ignored": true
      },
      "16": {
        "IoU": 0.0,
        "ignored": false
      },
      "17": {
        "IoU": 0.0,
        "ignored": true
      },
      "18": {
        "IoU": 17.01166331768036,
        "ignored": false
      },
      "19": {
        "IoU": 0.0,
        "ignored": true
      },
      "20": {
        "IoU": 0.0,
        "ignored": true
      },
      "21": {
        "IoU": 0.0,
        "ignored": true
      },
      "22": {
        "IoU": 0.0,
        "ignored": true
      },
      "23": {
        "IoU": 0.0,
        "ignored": true
      },
      "24": {
        "IoU": 0.0,