{
  "metrics": {
    "PQ": 89.37867879867554,
    "SQ": 94.09937858581543,
    "RQ": 94.98327970504761,
    "thing_PQ": 90.03589749336243,
    "thing_SQ": 94.41856741905212,
    "thing_RQ": 95.35825252532959,
    "stuff_PQ": 62.67370581626892,
    "stuff_SQ": 78.59084010124207,
    "stuff_RQ": 79.7468364238739,
    "per_class_PQ": {
      "0": {
        "PQ": 91.59790277481079,
        "SQ": 92.70001649856567,
        "RQ": 98.81109595298767,
        "TP": 748,
        "FP": 5,
        "FN": 13,
        "ignored": false
      },
      "1": {
        "PQ": 86.92912459373474,
        "SQ": 88.89538049697876,
        "RQ": 97.78812527656555,
        "TP": 420,
        "FP": 0,
        "FN": 19,
        "ignored": false
      },
      "2": {
        "PQ": 0.0,
        "SQ": 0.0,
        "RQ": 0.0,
        "TP": 0,
        "FP": 0,
        "FN": 0,
        "ignored": false
      },
      "3": {
        "PQ": 0.0,
        "SQ": 0.0,
        "RQ": 0.0,
        "TP": 0,
        "FP": 0,
        "FN": 0,
        "ignored": true
      },
      "4": {
        "PQ": 0.0,
        "SQ": 0.0,
        "RQ": 0.0,
        "TP": 0,
        "FP": 0,
        "FN": 0,
        "ignored": false
      },
      "5": {
        "PQ": 0.0,
        "SQ": 0.0,
        "RQ": 0.0,
        "TP": 0,
        "FP": 0,
        "FN": 0,
        "ignored": true
      },
      "6": {
        "PQ": 0.0,
        "SQ": 0.0,
        "RQ": 0.0,
        "TP": 0,
        "FP": 0,
        "FN": 7,
        "ignored": false
      },
      "7": {
        "PQ": 0.0,
        "SQ": 0.0,
        "RQ": 0.0,
        "TP": 0,
        "FP": 0,
        "FN": 0,
        "ignored": true
      },
      "8": {
        "PQ": 0.0,
        "SQ": 0.0,
        "RQ": 0.0,
        "TP": 0,
        "FP": 0,
        "FN": 0,
        "ignored": true
      },
      "9": {
        "PQ": 0.0,
        "SQ": 0.0,
        "RQ": 0.0,
        "TP": 0,
        "FP": 0,
        "FN": 0,
        "ignored": true
      },
      "10": {
        "PQ": 66.88032746315002,
        "SQ": 85.78128814697266,
        "RQ": 77.96609997749329,
        "TP": 23,
        "FP": 0,
        "FN": 13,
        "ignored": false
      },
      "11": {
        "PQ": 0.0,
        "SQ": 0.0,
        "RQ": 0.0,
        "TP": 0,
        "FP": 0,
        "FN": 0,
        "ignored": true
      },
      "12": {
        "PQ": 94.64993476867676,
        "SQ": 97.74789214134216,
        "RQ": 96.83066606521606,
        "TP": 1604,
        "FP": 101,
        "FN": 4,
        "ignored": false
      },
      "13": {
        "PQ": 67.64320135116577,
        "SQ": 83.42661261558533,
        "RQ": 81.08108043670654,
        "TP": 90,
        "FP": 1,
        "FN": 41,
        "ignored": false
      },
      "14": {
        "PQ": 0.0,
        "SQ": 0.0,
        "RQ": 0.0,
        "TP": 0,
        "FP": 0,
        "FN": 0,
        "ignored": true
      },
      "15": {
        "PQ": 0.0,
        "SQ": 0.0,
        "RQ": 0.0,
        "TP": 0,
        "FP": 0,
        "FN": 0,
        "ignored": true
      },
      "16": {
        "PQ": 66.85205698013306,
        "SQ": 84.38034057617188,
        "RQ": 79.22705411911011,
        "TP": 82,
        "FP": 6,
        "FN": 37,
        "ignored": false
      },
      "17": {
        "PQ": 0.0,
        "SQ": 0.0,
        "RQ": 0.0,
        "TP": 0,
        "FP": 0,
        "FN": 0,
        "ignored": true
      },
      "18": {
        "PQ": 0.0,
        "SQ": 0.0,
        "RQ": 0.0,
        "TP": 0,
        "FP": 0,
        "FN": 31,
        "ignored": false
      },
      "19": {
        "PQ": 0.0,
        "SQ": 0.0,
        "RQ": 0.0,
        "TP": 0,
        "FP": 0,
        "FN": 0,
        "ignored": true
      },
      "20": {
        "PQ": 0.0,
        "SQ": 0.0,
        "RQ": 0.0,
        "TP": 0,
        "FP": 0,
        "FN": 0,
        "ignored": true
      },
      "21": {
        "PQ": 0.0,
        "SQ": 0.0,
        "RQ": 0.0,
        "TP": 0,
        "FP": 0,
        "FN": 0,
        "ignored": true
      },
      "22": {
        "PQ": 0.0,
        "SQ": 0.0,
        "RQ": 0.0,
        "TP": 0,
        "FP": 0,
        "FN": 0,
        "ignored": true
      },
      "23": {
        "PQ": 0.0,
        "SQ": 0.0,
        "RQ": 0.0,
        "TP": 0,
        "FP": 0,
        "FN": 0,
        "ignored": true
      },
      "24": {
        "PQ": 0.0,
        "SQ": 0.0,
        "RQ": 0.0,
        "TP": 0,
        "FP": 0,
        "FN": 0,
        "ignored": false
      },
      "25": {
        "PQ": 0.0,
        "SQ": 0.0,
        "RQ": 0.0,
        "TP": 0,
        "FP": 0,
        "FN": 0,
        "ignored": false
      },
      "26": {
        "PQ": 0.0,
        "SQ": 0.0,
        "RQ": 0.0,
        "TP": 0,
        "FP": 0,
        "FN": 16,
        "ignored": false
      },
      "27": {
        "PQ": 95.32672762870789,
        "SQ": 97.35495448112488,
        "RQ": 97.91666865348816,
        "TP": 94,
        "FP": 0,
        "FN": 4,
        "ignored": false
      },
      "28": {
        "PQ": 0.0,
        "SQ": 0.0,
        "RQ": 0.0,
        "TP": 0,
        "FP": 0,
        "FN": 0,
        "ignored": false
      },
      "29": {
        "PQ": 0.0,
        "SQ": 0.0,
        "RQ": 0.0,
        "TP": 0,
        "FP": 0,
        "FN": 0,
        "ignored": false
      },
      "30": {
        "PQ": 0.0,
        "SQ": 0.0,
        "RQ": 0.0,
        "TP": 0,
        "FP": 0,
        "FN": 0,
        "ignored": false
      },
      "31": {
        "PQ": 0.0,
        "SQ": 0.0,
        "RQ": 0.0,
        "TP": 0,
        "FP": 0,
        "FN": 0,
        "ignored": false
      },
      "32": {
        "PQ": 68.76698732376099,
        "SQ": 78.59084010124207,
        "RQ": 87.5,
        "TP": 63,
        "FP": 5,
        "FN": 13,
        "ignored": false
      },
      "33": {
        "PQ": 0.0,
        "SQ": 0.0,
        "RQ": 0.0,
        "TP": 0,
        "FP": 9,
        "FN": 1,
        "ignored": false
      },
      "34": {
        "PQ": 0.0,
        "SQ": 0.0,
        "RQ": 0.0,
        "TP": 0,
        "FP": 0,
        "FN": 4,
        "ignored": false
      }
    },
    "total_TP": 3124,
    "total_FP": 127,
    "total_FN": 203,
    "F1": 0.4755258560180664,
    "per_class_IoU": {
      "0": {
        "IoU": 77.08446383476257,
        "ignored": false
      },
      "1": {
        "IoU": 57.586777210235596,
        "ignored": false
      },
      "2": {
        "IoU": 0.0,
        "ignored": false
      },
      "3": {
        "IoU": 0.0,
        "ignored": true
      },
      "4": {
        "IoU": 0.0,
        "ignored": false
      },
      "5": {
        "IoU": 0.0,
        "ignored": true
      },
      "6": {
        "IoU": 0.0,
        "ignored": false
      },
      "7": {
        "IoU": 0.0,
        "ignored": true
      },
      "8": {
        "IoU": 0.0,
        "ignored": true
      },
      "9": {
        "IoU": 0.0,
        "ignored": true
      },
      "10": {
        "IoU": 40.76433479785919,
        "ignored": false
      },
      "11": {
        "IoU": 0.0,
        "ignored": true
      },
      "12": {
        "IoU": 58.69969725608826,
        "ignored": false
      },
      "13": {
        "IoU": 49.948689341545105,
        "ignored": false
      },
      "14": {
        "IoU": 0.0,
        "ignored": true
      },
      "15": {
        "IoU": 0.0,
        "ignored": true
      },
      "16": {
        "IoU": 68.87016892433167,
        "ignored": false
      },
      "17": {
        "IoU": 0.0,
        "ignored": true
      },
      "18": {
        "IoU": 0.04664265434257686,
        "ignored": false
      },
      "19": {
        "IoU": 0.0,
        "ignored": true
      },
      "20": {
        "IoU": 0.0,
        "ignored": true
      },
      "21": {
        "IoU": 0.0,
        "ignored": true
      },
      "22": {
        "IoU": 0.0,
        "ignored": true
      },
      "23": {
        "IoU": 0.0,
        "ignored": true
      },
      "24": {
        "IoU": 0.0,