{
  "metrics": {
    "PQ": 74.58677887916565,
    "SQ": 79.42817211151123,
    "RQ": 93.90469193458557,
    "thing_PQ": 77.93908715248108,
    "thing_SQ": 85.28879284858704,
    "thing_RQ": 91.38256311416626,
    "stuff_PQ": 70.4979658126831,
    "stuff_SQ": 72.69261479377747,
    "stuff_RQ": 96.98091745376587,
    "per_class_PQ": {
      "0": {
        "PQ": 88.29907774925232,
        "SQ": 91.9329285621643,
        "RQ": 96.0472822189331,
        "TP": 3900,
        "FP": 18,
        "FN": 303,
        "ignored": false
      },
      "1": {
        "PQ": 77.52443552017212,
        "SQ": 86.47356033325195,
        "RQ": 89.65102434158325,
        "TP": 1490,
        "FP": 299,
        "FN": 45,
        "ignored": false
      },
      "2": {
        "PQ": 1.5931783244013786,
        "SQ": 55.7612419128418,
        "RQ": 2.857142873108387,
        "TP": 1,
        "FP": 57,
        "FN": 11,
        "ignored": false
      },
      "3": {
        "PQ": 0.0,
        "SQ": 0.0,
        "RQ": 0.0,
        "TP": 0,
        "FP": 0,
        "FN": 0,
        "ignored": true
      },
      "4": {
        "PQ": 0.0,
        "SQ": 0.0,
        "RQ": 0.0,
        "TP": 0,
        "FP": 0,
        "FN": 0,
        "ignored": false
      },
      "5": {
        "PQ": 0.0,
        "SQ": 0.0,
        "RQ": 0.0,
        "TP": 0,
        "FP": 0,
        "FN": 0,
        "ignored": true
      },
      "6": {
        "PQ": 81.93846940994263,
        "SQ": 85.52674651145935,
        "RQ": 95.80450057983398,
        "TP": 2215,
        "FP": 3,
        "FN": 191,
        "ignored": false
      },
      "7": {
        "PQ": 0.0,
        "SQ": 0.0,
        "RQ": 0.0,
        "TP": 0,
        "FP": 0,
        "FN": 0,
        "ignored": true
      },
      "8": {
        "PQ": 0.0,
        "SQ": 0.0,
        "RQ": 0.0,
        "TP": 0,
        "FP": 0,
        "FN": 0,
        "ignored": true
      },
      "9": {
        "PQ": 0.0,
        "SQ": 0.0,
        "RQ": 0.0,
        "TP": 0,
        "FP": 0,
        "FN": 0,
        "ignored": true
      },
      "10": {
        "PQ": 0.0,
        "SQ": 0.0,
        "RQ": 0.0,
        "TP": 0,
        "FP": 0,
        "FN": 0,
        "ignored": false
      },
      "11": {
        "PQ": 0.0,
        "SQ": 0.0,
        "RQ": 0.0,
        "TP": 0,
        "FP": 0,
        "FN": 0,
        "ignored": true
      },
      "12": {
        "PQ": 57.29248523712158,
        "SQ": 85.10598540306091,
        "RQ": 67.31898188591003,
        "TP": 172,
        "FP": 33,
        "FN": 134,
        "ignored": false
      },
      "13": {
        "PQ": 27.487316727638245,
        "SQ": 72.38327264785767,
        "RQ": 37.974682450294495,
        "TP": 15,
        "FP": 0,
        "FN": 49,
        "ignored": false
      },
      "14": {
        "PQ": 0.0,
        "SQ": 0.0,
        "RQ": 0.0,
        "TP": 0,
        "FP": 0,
        "FN": 0,
        "ignored": true
      },
      "15": {
        "PQ": 0.0,
        "SQ": 0.0,
        "RQ": 0.0,
        "TP": 0,
        "FP": 0,
        "FN": 0,
        "ignored": true
      },
      "16": {
        "PQ": 0.0,
        "SQ": 0.0,
        "RQ": 0.0,
        "TP": 0,
        "FP": 0,
        "FN": 2,
        "ignored": false
      },
      "17": {
        "PQ": 0.0,
        "SQ": 0.0,
        "RQ": 0.0,
        "TP": 0,
        "FP": 0,
        "FN": 0,
        "ignored": true
      },
      "18": {
        "PQ": 0.0,
        "SQ": 0.0,
        "RQ": 0.0,
        "TP": 0,
        "FP": 167,
        "FN": 25,
        "ignored": false
      },
      "19": {
        "PQ": 0.0,
        "SQ": 0.0,
        "RQ": 0.0,
        "TP": 0,
        "FP": 0,
        "FN": 0,
        "ignored": true
      },
      "20": {
        "PQ": 0.0,
        "SQ": 0.0,
        "RQ": 0.0,
        "TP": 0,
        "FP": 0,
        "FN": 0,
        "ignored": true
      },
      "21": {
        "PQ": 0.0,
        "SQ": 0.0,
        "RQ": 0.0,
        "TP": 0,
        "FP": 0,
        "FN": 0,
        "ignored": true
      },
      "22": {
        "PQ": 0.0,
        "SQ": 0.0,
        "RQ": 0.0,
        "TP": 0,
        "FP": 0,
        "FN": 0,
        "ignored": true
      },
      "23": {
        "PQ": 0.0,
        "SQ": 0.0,
        "RQ": 0.0,
        "TP": 0,
        "FP": 0,
        "FN": 0,
        "ignored": true
      },
      "24": {
        "PQ": 0.0,
        "SQ": 0.0,
        "RQ": 0.0,
        "TP": 0,
        "FP": 222,
        "FN": 5,
        "ignored": false
      },
      "25": {
        "PQ": 45.534151792526245,
        "SQ": 85.1929247379303,
        "RQ": 53.448277711868286,
        "TP": 31,
        "FP": 0,
        "FN": 54,
        "ignored": false
      },
      "26": {
        "PQ": 71.33182287216187,
        "SQ": 85.33561825752258,
        "RQ": 83.5897445678711,
        "TP": 163,
        "FP": 0,
        "FN": 64,
        "ignored": false
      },
      "27": {
        "PQ": 69.20767426490784,
        "SQ": 71.05199694633484,
        "RQ": 97.40426540374756,
        "TP": 1895,
        "FP": 72,
        "FN": 29,
        "ignored": false
      },
      "28": {
        "PQ": 39.304319024086,
        "SQ": 65.3735101222992,
        "RQ": 60.12269854545593,
        "TP": 49,
        "FP": 25,
        "FN": 40,
        "ignored": false
      },
      "29": {
        "PQ": 0.0,
        "SQ": 0.0,
        "RQ": 0.0,
        "TP": 0,
        "FP": 0,
        "FN": 25,
        "ignored": false
      },
      "30": {
        "PQ": 0.0,
        "SQ": 0.0,
        "RQ": 0.0,
        "TP": 0,
        "FP": 9,
        "FN": 2,
        "ignored": false
      },
      "31": {
        "PQ": 0.0,
        "SQ": 0.0,
        "RQ": 0.0,
        "TP": 0,
        "FP": 57,
        "FN": 8,
        "ignored": false
      },
      "32": {
        "PQ": 70.77747583389282,
        "SQ": 72.19858169555664,
        "RQ": 98.0316698551178,
        "TP": 7894,
        "FP": 218,
        "FN": 99,
        "ignored": false
      },
      "33": {
        "PQ": 75.06003975868225,
        "SQ": 77.64475345611572,
        "RQ": 96.67110443115234,
        "TP": 726,
        "FP": 0,
        "FN": 50,
        "ignored": false
      },
      "34": {
        "PQ": 26.732978224754333,
        "SQ": 87.20042705535889,
        "RQ": 30.656933784484863,
        "TP": 21,
        "FP": 1,
        "FN": 94,
        "ignored": false
      }
    },
    "total_TP": 18572,
    "total_FP": 1181,
    "total_FN": 1230,
    "F1": 0.4332200586795807,
    "per_class_IoU": {
      "0": {
        "IoU": 65.44554233551025,
        "ignored": false
      },
      "1": {
        "IoU": 67.66355037689209,
        "ignored": false
      },
      "2": {
        "IoU": 11.989253759384155,
        "ignored": false
      },
      "3": {
        "IoU": 0.0,
        "ignored": true
      },
      "4": {
        "IoU": 0.0,
        "ignored": false
      },
      "5": {
        "IoU": 0.0,
        "ignored": true
      },
      "6": {
        "IoU": 51.27694010734558,
        "ignored": false
      },
      "7": {
        "IoU": 0.0,
        "ignored": true
      },
      "8": {
        "IoU": 0.0,
        "ignored": true
      },
      "9": {
        "IoU": 0.0,
        "ignored": true
      },
      "10": {
        "IoU": 0.0,
        "ignored": false
      },
      "11": {
        "IoU": 0.0,
        "ignored": true
      },
      "12": {
        "IoU": 21.07626646757126,
        "ignored": false
      },
      "13": {
        "IoU": 6.519782543182373,
        "ignored": false
      },
      "14": {
        "IoU": 0.0,
        "ignored": true
      },
      "15": {
        "IoU": 0.0,
        "ignored": true
      },
      "16": {
        "IoU": 0.0,
        "ignored": false
      },
      "17": {
        "IoU": 0.0,
        "ignored": true
      },
      "18": {
        "IoU": 7.927854359149933,
        "ignored": false
      },
      "19": {
        "IoU": 0.0,
        "ignored": true
      },
      "20": {
        "IoU": 0.0,